Meses,Autobuses,Personal ,Pasajeros,Kilómetros
Enero,660,368,4156,12.042894
Febrero,733,423,4152,12.134195
Marzo,756,405,4140,13.358546
Abril,674,354,4173,11.744912
Mayo,744,395,4180,13.405438
Junio,757,382,4191,12.858895
Julio,726,363,4277,13.041197
Agosto,711,353,4329,13.780331
Septiembre,773,403,4315,13.804009
Octubre,788,401,4350,15.432687
Noviembre,768,394,4401,13.87232
Diciembre,689,348,4409,11.872589
